id,index
0,89
1,173
2,323
3,341
4,517
5,638
6,729
7,912
8,989
9,1093
10,1136
11,1137
12,1251
13,1252
14,1349
15,1768
16,1777
17,2013
18,2083
19,2167
20,2468
21,2507
22,2537
23,2723
24,2753
25,3020
26,3062
27,3102
28,3103
29,3265
30,3266
31,3614
32,3770
33,4192
34,4261
35,4292
36,4716
37,4870
38,5342
39,6480
40,6548
41,6805
42,8098
43,8200
44,8367
45,8464
46,8466
47,8618
48,8716
49,8720
50,8766
51,8844
52,8847
53,8972
54,9013
55,9121
56,9328
57,9369
58,9711
59,10150
60,10188
61,10232
62,10553
63,10798
64,10809
65,10894
66,12648
67,12947
68,12982
69,13015
70,13025
71,13204
72,13948
73,15436
74,15957
75,15958
76,16123
77,16811
78,16850
79,17112
80,17181
81,17378
82,17413
83,17431
84,17464
85,17514
86,17615
87,17624
88,17931
89,17994
90,18111
91,18304
92,18314
93,18321
94,19149
95,19179
96,19608
97,19898
98,19972
99,20721
100,21911
101,22248
102,22647
103,22674
104,22996
105,23579
106,24369
107,24623
108,24655
